Name,Score,Department
Chiemerie Samuel,85,Computer Science
Ngozi Okeafor,92,Mathematics
Ebuka Obi,78,physics
Ifechukwu Gideon,95,Computer Science
Ijeoma Okeke,64,Mathematics
Henry Obieze,88,PHYSICS
AKachukwu Okechukwu,73,computer science
Adaeze Ogodo,91,Mathematics
Anayo Chibueze,59,Physics
Elom Mmaduka,82,Computer Science
Nduka Mercy,90,Mathematics
Okafor Cheta,77,Physics
Okam Igube,89,Computer Science
Nworie Chidindu,94,mathematics
Uwaeze Onyeka,68,Physics
Obum Nneka,84,Computer Science
Ifechukwu Olisah,96,Mathematics
Obi CHinedu,71,Physics
Nwigbo Obimma,88,Computer Science
Chibuike Chineme,93,Mathematics